rsid,variant_chrom,variant_pos,ref,alt,logFC,SE,beta_post_mean,beta_post_sd,beta_hdi_lo,beta_hdi_hi,prob_active,shrinkage,is_DAV
rs112571439,chr1,1292032,G,A,0.178985152669976,0.0532924476408995,0.13053527,0.06765204,0.006243379,0.23843583,0.9756666666666667,0.27069216190952494,False
rs1062090,chr1,1752461,G,A,0.173305562199068,0.0588893128805667,0.10957437,0.07156492,-0.00020991864,0.22909208,0.946,0.3677388729143608,False
rs58785846,chr1,1260440,T,C,0.206295612033518,0.0736544582482568,0.11633156,0.08940141,-0.002730692,0.26925603,0.92,0.4360928899400771,False
rs7417106,chr1,976215,A,C,0.188715646300225,0.0681595503733275,0.10452774,0.082921654,-0.003239962,0.24553907,0.9103333333333333,0.44610982862376525,False
rs35860770,chr1,1372220,C,T,-0.119136834456346,0.0690997601271002,-0.03848606,0.054640982,-0.15023378,0.017268531,0.7603333333333333,0.6769591878892088,False
rs2649597,chr1,1372258,T,C,-0.111706429593418,0.0728427041589789,-0.031671975,0.052841578,-0.143397,0.022088235,0.7196666666666667,0.7164713354168124,False
rs12411041,chr1,1079484,T,A,0.117433596422919,0.079035928418853,0.031065803,0.053072207,-0.022594752,0.14178993,0.7126666666666667,0.7354606861454379,False
rs11260596,chr1,1067054,C,T,-0.0726054285807582,0.0567208078954834,-0.021183196,0.037497025,-0.09759205,0.020458058,0.6983333333333333,0.7082422503480106,False
rs2072928,chr1,1753774,C,A,-0.0931998585337151,0.0692601488907169,-0.025243388,0.045309484,-0.12131271,0.021586303,0.6973333333333334,0.7291477810585203,False
rs1240698,chr1,1440834,C,G,-0.0868327120861301,0.0699242674714046,-0.021779647,0.04351736,-0.11065473,0.024204109,0.6696666666666666,0.7491769337414208,False
rs621668,chr1,1291869,T,A,-0.0558857545784502,0.0583278497455525,-0.0153445015,0.034634136,-0.08700744,0.025646592,0.6606666666666667,0.7254308975739142,False
rs115561814,chr1,1285230,C,T,-0.0795950622592284,0.0783289978658138,-0.018295346,0.042141736,-0.10717945,0.02818679,0.6583333333333333,0.7701447136462798,False
rs7796,chr1,1752730,C,A,0.0806071648490293,0.0755045659959729,0.017610371,0.04170191,-0.029689683,0.10349645,0.6536666666666666,0.7815284640539549,False
rs72634819,chr1,1665061,C,T,-0.0796974401890445,0.0784050652409126,-0.017105522,0.041252416,-0.103134915,0.028599849,0.64,0.7853692465699487,False
rs7414599,chr1,920949,C,G,0.0662896032965535,0.0688573603707706,0.015708093,0.039690055,-0.029268138,0.097074345,0.6383333333333333,0.7630383677235872,False
rs9442369,chr1,1079877,A,C,-0.0641914012017117,0.0693609069404655,-0.014882233,0.037655354,-0.092288345,0.029269902,0.6366666666666667,0.7681584649153237,False
rs2229833,chr1,1291271,G,C,-0.0912196136020357,0.0900820273040171,-0.017592967,0.04696692,-0.11056596,0.03704079,0.626,0.8071361425262992,False
rs2072927,chr1,1753361,G,A,-0.0563809592481016,0.0911380319393108,-0.010063289,0.0420547,-0.08839819,0.042711742,0.577,0.8215126371106928,False
rs1240701,chr1,1433374,T,A,-0.0383647855664065,0.0676059524900888,-0.008555506,0.033735525,-0.07564967,0.03510167,0.5726666666666667,0.7769958510193786,False
rs36027499,chr1,1079746,A,G,-0.0275812341058391,0.0640340422008033,-0.006804545,0.03146207,-0.06640545,0.037242975,0.5563333333333333,0.7532907730595133,False
rs4072383,chr1,935954,G,A,0.0650020708672055,0.148433214254162,0.00877417,0.056875315,-0.06195595,0.10142926,0.5446666666666666,0.8650170740154677,False
rs72634820,chr1,1665581,C,G,-0.0189443999637637,0.0684712921156257,-0.0033663078,0.032638874,-0.05950638,0.045643233,0.5276666666666667,0.8223059148052317,False
rs1240697,chr1,1441187,A,C,0.0117801691242094,0.0652294993878508,0.002662128,0.03013688,-0.044563245,0.05495977,0.5236666666666666,0.7740161416784391,False
rs74046667,chr1,1284987,G,A,-0.0062781750396138,0.065695223031232,-0.00082514674,0.030394228,-0.05014614,0.048044413,0.52,0.8685690137920122,False
rs12401605,chr1,1079456,A,G,0.0025391196452413,0.0613148675391764,-2.9641174e-05,0.02944505,-0.04935822,0.04949933,0.5023333333333333,0.9883262001717766,False
rs61769717,chr1,920661,G,A,0.0020513336653745,0.0612310629214247,0.0007858936,0.028254496,-0.04404185,0.04702942,0.5,0.6168865166773885,False
